"REFERENCE_NUMBER","INTERNAL_STAN","EXTERNAL_STAN","ROUTING_CODE","CAPTURE_CODE","MESSAGE_TYPE","FUNCTION_CODE","PROCESSING_CODE","SOURCE_ACCOUNT_CODE","DESTINATION_ACCOUNT_CODE","ACTION_CODE","ORIGINAL_ACTION_CODE","ISSUER_ACTION_CODE","EVENT_CODE","NETWORK_CODE","NETWORK_ID","NETWORK_DATA","ISSUING_BANK","CARD_NUMBER","CARD_SEQUENCE_NUMBER","SERVICE_CODE","START_EXPIRY_DATE","END_EXPIRY_DATE","TRANSACTION_LOCAL_DATE","TRANSMISSION_DATE_AND_TIME","RESPONSE_DATE_AND_TIME","INTERNAL_TRANSMISSION_TIME","CAPTURE_DATE","BUSINESS_DATE","PRE_AUTH_TIME_LIMIT","PRODUCT_CODE","CARD_TYPE","VIP_LEVEL","SOURCE_ACCOUNT_ENTITY_CODE","SOURCE_ACCOUNT_ENTITY_ID","SOURCE_ACCOUNT_SEQUENCE","SOURCE_ACCOUNT_TYPE","SOURCE_ACCOUNT_NUMBER","SOURCE_ACCOUNT_ENTITY_LEVEL","DESTINATION_ACCOUNT_ENTITY_COD","DESTINATION_ACCOUNT_ENTITY_ID","DESTINATION_ACCOUNT_SEQUENCE","DESTINATION_ACCOUNT_TYPE","DESTINATION_ACCOUNT_NUMBER","DESTINATION_ACCOUNT_ENTITY_LEV","TRANSACTION_AMOUNT","CASH_BACK_AMOUNT","TRANSACTION_CURRENCY","REPLACEMENT_AMOUNT","BILLING_AMOUNT","BILLING_CURRENCY","CONVERSION_RATE","CONVERSION_RATE_DATE","ISS_SETTLEMENT_AMOUNT","ISS_SETTLEMENT_CURRENCY","ISS_SETTLEMENT_DATE","ISS_CONV_RATE_SETTLEMENT","ISS_CONV_RATE_SETTLEMENT_DATE","ACQ_SETTLEMENT_AMOUNT","ACQ_SETTLEMENT_CURRENCY","ACQ_SETTLEMENT_DATE","ACQ_CONV_RATE_SETTLEMENT","ACQ_CONV_RATE_SETTLEMENT_DATE","TRANSACTION_FEE","ISS_SETTLEMENT_FEE","ACQ_SETTLEMENT_FEE","SERVICES_SETUP_CODE","PRODUCT_CURRENCY_CODE","PERIOD_CODE","PERIOD_TYPE","PERIOD_VALUE","CR_CURRENCY_CODE","CR_CREDIT_LIMIT","CR_CASH_LIMIT","CR_LOAN_LIMIT","CR_VIP_LEVEL","CR_CREDIT_CUR_BAL","CR_CASH_CUR_BAL","CR_LOAN_CUR_BAL","CR_RESPONSE_CODE","CR_PENDING_AUT_CREDIT","CR_PENDING_AUT_CASH","CR_PENDING_AUT_LOAN","CR_AVAILABLE_BALANCE","CR_FIRST_DUE_DATE","CR_INSTALLMENT_AMOUNT","CR_TERM_COUNT","LOYALTY_PROGRAM_CODE","LIST_PRODUCT_CODE_1","LIST_PRODUCT_CODE_2","LIST_PRODUCT_CODE_3","LIST_PRODUCT_CODE_4","LIST_PRODUCT_CODE_5","LOYALTY_POINTS_GAINED","LOYALTY_POINTS_REDEMPTION","RECEIVING_INSTITUTION","ACQUIRING_COUNTRY_CODE","ACQUIRER_INSTITUTION_CODE","ACQUIRER_BANK","CARD_ACCEPTOR_ACTIVITY","TCC","CARD_ACCEPTOR_TERM_ID","CARD_ACCEPTOR_ID","CARD_ACC_NAME_ADDRESS","POS_ENTRY_MODE","POS_CONDITION_CODE","POS_DATA","FORWARDING_COUNTRY_CODE","FORWARDING_INSTITUTION_CODE","FORWARDING_BANK","AUTHORIZATION_LENGTH","AUTHORIZATION_CODE","ORIGINAL_AUTHORIZATION_CODE","AUTHORIZATION_SOURCE","CARD_LEVEL","BALANCE_LEVEL","ADDITIONAL_AMOUNT","DB_CUR_BALANCE","LIMIT_AMOUNT_BEFORE_TRN","LIMIT_INDEX","LIMIT_ID","SHADOW_ACCOUNT_LEVEL","HOST_LEVEL","CLIENT_LEVEL","EXCEPTION_LEVEL","ACTION_TRANSLATION_LEVEL","CARD_LIMIT_EXCEPTION_LEVEL","VIP_ACTION_TRANSLATION_LEVEL","AUTHO_PERIOD_LEVEL","SECURITY_VERIF_LEVEL","SECURITY_VERIF_RESULT","ADDRESS_VERIFICATION_DATA","REJECT_CODE","REJECT_REASON","CPS_ACI","CPS_TRANSACTION_ID","CPS_VALIDATION_CODE","TIME_STAMP_PLUS_MESSAGE","REASON_CODE","ORIGINE_CODE","ORIGINAL_TRANSACTION_DATE_TIME","REVERSAL_STAN","REVERSAL_TRANSACTION_DATE","CHIP_APPLICATION_CRYPTOGRAM","EXTERNAL_CVV_RESULT_CODE","CHIP_CRYPTOGRAM_INFO_DATA","CHIP_TRANSACTION_CURRENCY_CODE","CHIP_TRANSACTION_DATE","CHIP_TRANSACTION_TYPE","CHIP_TRANSACTION_AMOUNT","CHIP_ATC","CHIP_UNPREDICTABLE_NUMBER","CHIP_CATEGORY_CODE","CHIP_TVR","CHIP_TERMINAL_COUNTRY_CODE","CHIP_AIP","CHIP_CVM_RESULTS","CHIP_TERMINAL_CAPABILITY","CHIP_TERMINAL_TYPE","CHIP_APPLI_IDENTIFIER","CHIP_APPLI_VERSION_NUMBER","CHIP_IFD_SERIAL_NUMBER","CHIP_TRX_SEQ_COUNTER","CHIP_ISSUER_APPLICATION_DATA","CHIP_OTHER_AMOUNT","CHIP_CARD_AUTHEN_RESULT","CHIP_CONDITION_CODE","CHIP_CCPS_TRANSACTION_IND","CHIP_CARD_AUTHEN_RELIABIL_IND","CHIP_DERIVATION_KEY_INDEX","CHIP_ISSUER_AUTHENT_DATA","CHIP_ARPC_RESPONSE_CODE","CHIP_ISSUER_SCRIPT_RESULT","AUTHO_FLAG","REVERSAL_FLAG","TRANSACTION_FLAG","MATCHING_STATUS","MATCHING_DATE","MATCHING_LEVEL","MATCHING_DATE_PURGE","PRIVATE_DATA_1","ACQUIRER_RESOURCE_CODE","ISSUER_RESOURCE_CODE","SCREEN_SESSION_ID","SCREEN_USER_NAME","UF_ACTION_DATE","UF_FILE_UPDATE_CODE","UF_FILENAME","UF_PURGE_DATE","UF_ACTION_CODE","UF_FILE_RECORD","ORIGINAL_TABLE_INDICATOR","CURRENT_TABLE_INDICATOR","PRIVATE_TLV_DATA","AUTHORIZATION_ID","TRANSACTION_ID","USER_CREATE","DATE_CREATE","USER_MODIF","DATE_MODIF"
"507918036294","036294","001177","020001","600002","1200","200","01","00","00","121","","","102","01","","","000001","4588530002036042","1","221","12/1/2024","12/1/2027","3/20/2025 18:06","3/20/2025 18:06","3/20/2025 18:02","3/20/2025 18:02","3/20/2025","3/21/2025","","033","01","1","CH","4588530002036042","1","00","0102839553600500","","","","","00","","","100000","","952","","100000","952","1","3/20/2025","100000","952","3/21/2025","1","3/20/2025","100000","952","3/21/2025 16:00","1","3/20/2025","","","","0033","952","","","","","","","","","","","","","","","","","3/20/2025 18:02","","","","","","","","","","","45885300","768","000001","000001","6011","","00000045","0000000055","UTB ANIE                 REGION DES PLTG","","","51110151104C","","","","6","","","E2","Y","Y","","","0","0033","","N","","Y","","","","N","N","YYY2YYYYYYYYYYYNNNYNYNNYNNYNNNNN","4404000000104444444404444R444444","","","","","","","","1012","0","3/20/2025 18:02","","","222852C336748A96","","80","0952","250320","01","000000100000","0010","ECB6ACF4","","8080040000","0768","3900","","604020","14","","","","","06011203A00000","000000000000","","","","","","A67F652500820000","A67F652500820000","","P","N","T","","","","","","","02","","ATM            ","","","","","","<k7_info response=OK closure_id=0001560><note1 v=0 a=0 c=952 d=0/><note2 v=5000 a=700000 c=952 d=20/><note3 v=0 a=0 c=952 d=0/><note4 v=0 a=0 c=952 d=0/></k7_info>","ATM","ATM","B03012000000100000P64009000200000048001ZO04003033P03003952P06003OFFO01004YNNNP97004ONUSP7000500000Y0400211P94006000001P08051952000000000100000000000000010320000000000000000000P04018000000000100000000P02036Periodical Amnt Exceeded [Periode 1]P0700302YP05001RY01004VSDCY03022VSDC    Y31A11010015 A","6000000100000045001177","","POWERCARD","3/20/2025 18:02","",""
"507918036292","036292","001175","020001","600002","1200","200","01","00","00","000","","","000","01","","","000001","4588530002036042","1","221","12/1/2024","12/1/2027","3/20/2025 18:05","3/20/2025 18:05","3/20/2025 18:01","3/20/2025 18:01","3/20/2025","3/21/2025","","033","01","1","CH","4588530002036042","1","00","0102839553600500","","","","","00","","","100000","","952","","100000","952","1","3/20/2025","100000","952","3/21/2025","1","3/20/2025","100000","952","3/21/2025 16:00","1","3/20/2025","","","","0033","952","","","","","","","","","","","","","","","","","3/20/2025 18:01","","","","","","","","","","","45885300","768","000001","000001","6011","","00000045","0000000055","UTB ANIE                 REGION DES PLTG","","","51110151104C","","","","6","087974","087974","E2","Y","Y","0001952C0000218055400002952C000021195540","21295540","","0033","","N","","Y","","","","N","N","YYY2YYYYYYYYYYYNNNYNYNNYNNYNNNNN","4404000000000444444404444R444444","","","","","","","","1012","0","3/20/2025 18:01","","","EAEAB0564F387251","","80","0952","250320","01","000000100000","000F","DC493CAA","","8080040000","0768","3900","","604020","14","","","","","06011203A00000","000000000000","","","","","","078B51B300820000","078B51B300820000","","C","N","T","","","","","","","02","","ATM            ","","","","","","<k7_info response=OK closure_id=0001560><note1 v=0 a=0 c=952 d=0/><note2 v=5000 a=800000 c=952 d=20/><note3 v=0 a=0 c=952 d=0/><note4 v=0 a=0 c=952 d=0/></k7_info>","ATM","ATM","B03012000000100000P64009000200000048001ZO04003033P03003952P06003OFFO01004YNNNP97004ONUSP7000500000Y0400211P94006000001P08051952000000000100000000000000010320000000000000000000P04018000000000100000000P0700302YP05001RY01004VSDCY03022VSDC    Y31A11010015 A","6000000100000045001175","","POWERCARD","3/20/2025 18:01","POWERCARD","3/20/2025 18:01"
"507918036290","036290","001173","020001","600002","1200","200","01","00","00","000","","","000","01","","","000001","4588530002036042","1","221","12/1/2024","12/1/2027","3/20/2025 18:04","3/20/2025 18:04","3/20/2025 18:00","3/20/2025 18:00","3/20/2025","3/21/2025","","033","01","1","CH","4588530002036042","1","00","0102839553600500","","","","","00","","","100000","","952","","100000","952","1","3/20/2025","100000","952","3/21/2025","1","3/20/2025","100000","952","3/21/2025 16:00","1","3/20/2025","","","","0033","952","","","","","","","","","","","","","","","","","3/20/2025 18:00","","","","","","","","","","","45885300","768","000001","000001","6011","","00000045","0000000055","UTB ANIE                 REGION DES PLTG","","","51110151104C","","","","6","034206","034206","E2","Y","Y","0001952C0000218055400002952C000021295540","21395540","","0033","","N","","Y","","","","N","N","YYY2YYYYYYYYYYYNNNYNYNNYNNYNNNNN","4404000000000444444404444R444444","","","","","","","","1012","0","3/20/2025 18:00","","","874B1C2D31EB3E60","","80","0952","250320","01","000000100000","000E","9F585924","","8080040000","0768","3900","","604020","14","","","","","06011203A00000","000000000000","","","","","","7917F4FE00820000","7917F4FE00820000","","C","N","T","","","","","","","02","","ATM            ","","","","","","<k7_info response=OK closure_id=0001560><note1 v=0 a=0 c=952 d=0/><note2 v=5000 a=900000 c=952 d=20/><note3 v=0 a=0 c=952 d=0/><note4 v=0 a=0 c=952 d=0/></k7_info>","ATM","ATM","B03012000000100000P64009000200000048001ZO04003033P03003952P06003OFFO01004YNNNP97004ONUSP7000500000Y0400211P94006000001P08051952000000000100000000000000010320000000000000000000P04018000000000100000000P0700302YP05001RY01004VSDCY03022VSDC    Y31A11010015 A","6000000100000045001173","","POWERCARD","3/20/2025 18:00","POWERCARD","3/20/2025 18:00"
"507918036288","036288","001171","020001","600002","1200","200","01","00","00","000","","","000","01","","","000001","4588530002036042","1","221","12/1/2024","12/1/2027","3/20/2025 18:03","3/20/2025 18:03","3/20/2025 17:59","3/20/2025 17:59","3/20/2025","3/21/2025","","033","01","1","CH","4588530002036042","1","00","0102839553600500","","","","","00","","","100000","","952","","100000","952","1","3/20/2025","100000","952","3/21/2025","1","3/20/2025","100000","952","3/21/2025 16:00","1","3/20/2025","","","","0033","952","","","","","","","","","","","","","","","","","3/20/2025 17:59","","","","","","","","","","","45885300","768","000001","000001","6011","","00000045","0000000055","UTB ANIE                 REGION DES PLTG","","","51110151104C","","","","6","048634","048634","E2","Y","Y","0001952C0000218055400002952C000021395540","21495540","","0033","","N","","Y","","","","N","N","YYY2YYYYYYYYYYYNNNYNYNNYNNYNNNNN","4404000000000444444404444R444444","","","","","","","","1012","0","3/20/2025 17:59","","","81A463AEA5BBDF29","","80","0952","250320","01","000000100000","000D","99DA8659","","8080040000","0768","3900","","604020","14","","","","","06011203A00000","000000000000","","","","","","145F6AE900820000","145F6AE900820000","","C","N","T","","","","","","","02","","ATM            ","","","","","","<k7_info response=OK closure_id=0001560><note1 v=0 a=0 c=952 d=0/><note2 v=5000 a=1000000 c=952 d=20/><note3 v=0 a=0 c=952 d=0/><note4 v=0 a=0 c=952 d=0/></k7_info>","ATM","ATM","B03012000000100000P64009000200000048001ZO04003033P03003952P06003OFFO01004YNNNP97004ONUSP7000500000Y0400211P94006000001P08051952000000000100000000000000010320000000000000000000P04018000000000100000000P0700302YP05001RY01004VSDCY03022VSDC    Y31A11010015 A","6000000100000045001171","","POWERCARD","3/20/2025 17:59","POWERCARD","3/20/2025 17:59"
"507918036285","036285","001169","020001","600002","1200","200","01","00","00","000","","","000","01","","","000001","4588530002036042","1","221","12/1/2024","12/1/2027","3/20/2025 18:02","3/20/2025 18:02","3/20/2025 17:58","3/20/2025 17:58","3/20/2025","3/21/2025","","033","01","1","CH","4588530002036042","1","00","0102839553600500","","","","","00","","","100000","","952","0","100000","952","1","3/20/2025","100000","952","3/21/2025","1","3/20/2025","100000","952","3/21/2025 16:00","1","3/20/2025","","","","0033","952","","","","","","","","","","","","","","","","","3/20/2025 17:58","","","","","","20032025175831","","","","","45885300","768","000001","000001","6011","","00000045","0000000055","UTB ANIE                 REGION DES PLTG","","","51110151104C","","","","6","099404","099404","E2","Y","Y","0001952C0000218055400002952C000021395540","21495540","","0033","","N","","Y","","","","N","N","YYY2YYYYYYYYYYYNNNYNYNNYNNYNNNNN","4404000000000444444404444R444444","","4017","","","","","","1012","0","3/20/2025 17:58","036286","3/20/2025 18:02","ECC88757B85E997C","","80","0952","250320","01","000000100000","000C","4954E73A","","8080040000","0768","3900","","604020","14","","","","","06011203A00000","000000000000","","","","","","E9D9CAAE00820000","E9D9CAAE00820000","","P","F","T","","","","","","","02","","ATM            ","","","","","","<k7_info response=OK closure_id=0001560><note1 v=10000 a=990000 c=952 d=9/><note2 v=5000 a=1000000 c=952 d=2/><note3 v=0 a=0 c=952 d=0/><note4 v=0 a=0 c=952 d=0/></k7_info>","ATM","ATM","B03012000000100000P64009000200000048001ZO04003033P03003952P06003OFFO01004YNNNP97004ONUSP7000500000Y0400211P94006000001P08051952000000000100000000000000010320000000000000000000P04018000000000100000000P0700302YP05001RY01004VSDCY03022VSDC    Y31A11010015 A","6000000100000045001169","","POWERCARD","3/20/2025 17:58","POWERCARD","3/20/2025 17:58"
"507918036283","036283","001167","020001","600002","1200","200","01","00","00","121","","","102","01","","","000001","4588530001092491","1","221","12/1/2024","12/1/2027","3/20/2025 18:01","3/20/2025 18:01","3/20/2025 17:57","3/20/2025 17:57","3/20/2025","3/21/2025","","032","01","1","CH","4588530001092491","1","00","0103234851200500","","","","","00","","","30000","","952","","30000","952","1","3/20/2025","30000","952","3/21/2025","1","3/20/2025","30000","952","3/21/2025 16:00","1","3/20/2025","","","","0032","952","","","","","","","","","","","","","","","","","3/20/2025 17:57","","","","","","","","","","","45885300","768","000001","000001","6011","","00000045","0000000055","UTB ANIE                 REGION DES PLTG","","","51110151104C","","","","6","","","E2","Y","Y","","","0","0032","","N","","Y","","","","N","N","YYY2YYYYYYYYYYYNNNYNYNNYNNYNNNNN","4404000000104444444404444R444444","","","","","","","","1012","0","3/20/2025 17:57","","","B5B79C38D3B67ABA","","80","0952","250320","01","000000030000","0014","211E1BC9","","8080040000","0768","3900","","604020","14","","","","","06011203A00000","000000000000","","","","","","51465E6F00820000","51465E6F00820000","","P","N","T","","","","","","","02","","ATM            ","","","","","","<k7_info response=OK closure_id=0001560><note1 v=10000 a=990000 c=952 d=2/><note2 v=5000 a=1000000 c=952 d=2/><note3 v=0 a=0 c=952 d=0/><note4 v=0 a=0 c=952 d=0/></k7_info>","ATM","ATM","B03012000000030000P64009000200000048001ZO04003032P03003952P06003OFFO01004YNNNP97004ONUSP7000500000Y0400211P94006000001P08051952000000000030000000000000010320000000000000000000P04018000000000030000000P02036Periodical Amnt Exceeded [Periode 1]P0700302YP05001RY01004VSDCY03022VSDC    Y31A11010015 A","6000000100000045001167","","POWERCARD","3/20/2025 17:57","",""
"507917036280","036280","001164","020001","600002","1200","200","01","00","00","000","","","000","01","","","000001","4588530001092491","1","221","12/1/2024","12/1/2027","3/20/2025 17:59","3/20/2025 17:59","3/20/2025 17:56","3/20/2025 17:55","3/20/2025","3/21/2025","","032","01","1","CH","4588530001092491","1","00","0103234851200500","","","","","00","","","100000","","952","","100000","952","1","3/20/2025","100000","952","3/21/2025","1","3/20/2025","100000","952","3/21/2025 16:00","1","3/20/2025","","","","0032","952","","","","","","","","","","","","","","","","","3/20/2025 17:55","","","","","","","","","","","45885300","768","000001","000001","6011","","00000045","0000000055","UTB ANIE                 REGION DES PLTG","","","51110151104C","","","","6","072134","072134","E2","Y","Y","0001952C0000218055400002952C000020800540","20900540","","0032","","N","","Y","","","","N","N","YYY2YYYYYYYYYYYNNNYNYNNYNNYNNNNN","4404000000000444444404444R444444","","","","","","","","1012","0","3/20/2025 17:55","","","BEACA5A01212114F","","80","0952","250320","01","000000100000","0013","AADE3AC9","","8080040000","0768","3900","","604020","14","","","","","06011203A00000","000000000000","","","","","","C2AFC01C00820000","C2AFC01C00820000","","C","N","T","","","","","","","02","","ATM            ","","","","","","<k7_info response=OK closure_id=0001560><note1 v=10000 a=1080000 c=952 d=9/><note2 v=5000 a=1010000 c=952 d=2/><note3 v=0 a=0 c=952 d=0/><note4 v=0 a=0 c=952 d=0/></k7_info>","ATM","ATM","B03012000000100000P64009000200000048001ZO04003032P03003952P06003OFFO01004YNNNP97004ONUSP7000500000Y0400211P94006000001P08051952000000000100000000000000010320000000000000000000P04018000000000100000000P0700302YP05001RY01004VSDCY03022VSDC    Y31A11010015 A","6000000100000045001164","","POWERCARD","3/20/2025 17:55","POWERCARD","3/20/2025 17:56"
"507917036278","036278","001162","020001","600002","1200","200","01","00","00","000","","","000","01","","","000001","4588530001092491","1","221","12/1/2024","12/1/2027","3/20/2025 17:58","3/20/2025 17:58","3/20/2025 17:55","3/20/2025 17:54","3/20/2025","3/21/2025","","032","01","1","CH","4588530001092491","1","00","0103234851200500","","","","","00","","","200000","","952","","200000","952","1","3/20/2025","200000","952","3/21/2025","1","3/20/2025","200000","952","3/21/2025 16:00","1","3/20/2025","","","","0032","952","","","","","","","","","","","","","","","","","3/20/2025 17:54","","","","","","","","","","","45885300","768","000001","000001","6011","","00000045","0000000055","UTB ANIE                 REGION DES PLTG","","","51110151104C","","","","6","062920","062920","E2","Y","Y","0001952C0000218055400002952C000020900540","21100540","","0032","","N","","Y","","","","N","N","YYY2YYYYYYYYYYYNNNYNYNNYNNYNNNNN","4404000000000444444404444R444444","","","","","","","","1012","0","3/20/2025 17:54","","","8F62A9B25091C729","","80","0952","250320","01","000000200000","0012","751BF985","","8080040000","0768","3900","","604020","14","","","","","06011203A00000","000000000000","","","","","","B651937500820000","B651937500820000","","C","N","T","","","","","","","02","","ATM            ","","","","","","<k7_info response=OK closure_id=0001560><note1 v=10000 a=1270000 c=952 d=19/><note2 v=5000 a=1020000 c=952 d=2/><note3 v=0 a=0 c=952 d=0/><note4 v=0 a=0 c=952 d=0/></k7_info>","ATM","ATM","B03012000000200000P64009000200000048001ZO04003032P03003952P06003OFFO01004YNNNP97004ONUSP7000500000Y0400211P94006000001P08051952000000000200000000000000010320000000000000000000P04018000000000200000000P0700302YP05001RY01004VSDCY03022VSDC    Y31A11010015 A","6000000100000045001162","","POWERCARD","3/20/2025 17:54","POWERCARD","3/20/2025 17:55"
"507917036275","036275","001159","020001","600002","1200","200","01","00","00","000","","","000","01","","","000001","4588530001092491","1","221","12/1/2024","12/1/2027","3/20/2025 17:57","3/20/2025 17:57","3/20/2025 17:53","3/20/2025 17:53","3/20/2025","3/21/2025","","032","01","1","CH","4588530001092491","1","00","0103234851200500","","","","","00","","","200000","","952","","200000","952","1","3/20/2025","200000","952","3/21/2025","1","3/20/2025","200000","952","3/21/2025 16:00","1","3/20/2025","","","","0032","952","","","","","","","","","","","","","","","","","3/20/2025 17:53","","","","","","","","","","","45885300","768","000001","000001","6011","","00000045","0000000055","UTB ANIE                 REGION DES PLTG","","","51110151104C","","","","6","072506","072506","E2","Y","Y","0001952C0000218055400002952C000021100540","21300540","","0032","","N","","Y","","","","N","N","YYY2YYYYYYYYYYYNNNYNYNNYNNYNNNNN","4404000000000444444404444R444444","","","","","","","","1012","0","3/20/2025 17:53","","","89AB568DDA59E180","","80","0952","250320","01","000000200000","000F","AC15E1D9","","8080040000","0768","3900","","604020","14","","","","","06011203A00000","000000000000","","","","","","D3B8889900820000","D3B8889900820000","","C","N","T","","","","","","","02","","ATM            ","","","","","","<k7_info response=OK closure_id=0001560><note1 v=10000 a=1460000 c=952 d=19/><note2 v=5000 a=1030000 c=952 d=2/><note3 v=0 a=0 c=952 d=0/><note4 v=0 a=0 c=952 d=0/></k7_info>","ATM","ATM","B03012000000200000P64009000200000048001ZO04003032P03003952P06003OFFO01004YNNNP97004ONUSP7000500000Y0400211P94006000001P08051952000000000200000000000000010320000000000000000000P04018000000000200000000P0700302YP05001RY01004VSDCY03022VSDC    Y31A11010015 A","6000000100000045001159","","POWERCARD","3/20/2025 17:53","POWERCARD","3/20/2025 17:53"
"507917036274","036274","001158","020001","600002","1200","200","01","00","00","121","","","105","01","","","000001","4588530001092491","1","221","12/1/2024","12/1/2027","3/20/2025 17:56","3/20/2025 17:56","3/20/2025 17:52","3/20/2025 17:52","3/20/2025","3/21/2025","","032","01","1","CH","4588530001092491","1","00","0103234851200500","","","","","00","","","300000","","952","","300000","952","1","3/20/2025","300000","952","3/21/2025","1","3/20/2025","300000","952","3/21/2025 16:00","1","3/20/2025","","","","0032","952","","","","","","","","","","","","","","","","","3/20/2025 17:52","","","","","","","","","","","45885300","768","000001","000001","6011","","00000045","0000000055","UTB ANIE                 REGION DES PLTG","","","51110151104C","","","","6","","","E2","Y","Y","","","200000","0032","","N","","Y","","","","N","N","YYY2YYYYYYYYYYYNNNYNYNNYNNYNNNNN","4404000000104444444404444R444444","","","","","","","","1012","0","3/20/2025 17:52","","","E132854976FE1A38","","80","0952","250320","01","000000300000","000D","194A6C41","","8080040000","0768","3900","","604020","14","","","","","06011203A00000","000000000000","","","","","","E6982EEA00820000","E6982EEA00820000","","P","N","T","","","","","","","02","","ATM            ","","","","","","<k7_info response=OK closure_id=0001560><note1 v=10000 a=1460000 c=952 d=29/><note2 v=5000 a=1030000 c=952 d=2/><note3 v=0 a=0 c=952 d=0/><note4 v=0 a=0 c=952 d=0/></k7_info>","ATM","ATM","B03012000000300000P64009000200000048001ZO04003032P03003952P06003OFFO01004YNNNP97004ONUSP7000500000Y0400211P94006000001P08051952000000000300000000000000010320000000000000000000P04018000000000300000000P02032Transction Limit More than Max  P0700302YP05001RY01004VSDCY03022VSDC    Y31A11010015 A","6000000100000045001158","","POWERCARD","3/20/2025 17:52","",""
"507817036272","036272","001156","020001","600002","1200","200","01","00","00","000","","","000","01","","","000001","4588530002036042","1","221","12/1/2024","12/1/2027","3/19/2025 17:46","3/19/2025 17:46","3/19/2025 17:42","3/19/2025 17:42","3/19/2025","3/20/2025","","033","01","1","CH","4588530002036042","1","00","0102839553600500","","","","","00","","","100000","","952","","100000","952","1","3/19/2025","100000","952","3/20/2025","1","3/19/2025","100000","952","3/20/2025 16:00","1","3/19/2025","","","","0033","952","","","","","","","","","","","","","","","","","3/19/2025 17:42","","","","","","","","","","","45885300","768","000001","000001","6011","","00000045","0000000055","UTB ANIE                 REGION DES PLTG","","","51110151104C","","","","6","094110","094110","E2","Y","Y","0001952C0000218055400002952C000021495540","21595540","","0033","","N","","Y","","","","N","N","YYY2YYYYYYYYYYYNNNYNYNNYNNYNNNNN","4404000000000444444404444R444444","","","","","","","","1012","0","3/19/2025 17:42","","","031B4D38E10E2401","","80","0952","250319","01","000000100000","000B","9E18AF94","","8080040000","0768","3900","","604020","14","","","","","06011203A00000","000000000000","","","","","","D5BF472400820000","D5BF472400820000","","C","N","T","","","","","","","02","","ATM            ","","","","","","<k7_info response=OK closure_id=0001560><note1 v=10000 a=1550000 c=952 d=9/><note2 v=5000 a=1040000 c=952 d=2/><note3 v=0 a=0 c=952 d=0/><note4 v=0 a=0 c=952 d=0/></k7_info>","ATM","ATM","B03012000000100000P64009000200000048001ZO04003033P03003952P06003OFFO01004YNNNP97004ONUSP7000500000Y0400211P94006000001P08051952000000000100000000000000010319000000000000000000P04018000000000100000000P0700302YP05001RY01004VSDCY03022VSDC    Y31A11010015 A","6000000100000045001156","","POWERCARD","3/19/2025 17:42","POWERCARD","3/19/2025 17:42"
"507817036271","036271","001155","020001","600002","1200","200","01","00","00","121","","","102","01","","","000001","4588530002036042","1","221","12/1/2024","12/1/2027","3/19/2025 17:45","3/19/2025 17:45","3/19/2025 17:41","3/19/2025 17:41","3/19/2025","3/20/2025","","033","01","1","CH","4588530002036042","1","00","0102839553600500","","","","","00","","","200000","","952","","200000","952","1","3/19/2025","200000","952","3/20/2025","1","3/19/2025","200000","952","3/20/2025 16:00","1","3/19/2025","","","","0033","952","","","","","","","","","","","","","","","","","3/19/2025 17:41","","","","","","","","","","","45885300","768","000001","000001","6011","","00000045","0000000055","UTB ANIE                 REGION DES PLTG","","","51110151104C","","","","6","","","E2","Y","Y","","","100000","0033","","N","","Y","","","","N","N","YYY2YYYYYYYYYYYNNNYNYNNYNNYNNNNN","4404000000104444444404444R444444","","","","","","","","1012","0","3/19/2025 17:41","","","56B44CD2F34E2D49","","80","0952","250319","01","000000200000","0009","0ED7164A","","8080040000","0768","3900","","604020","14","","","","","06011203A00000","000000000000","","","","","","38787C8600820000","38787C8600820000","","P","N","T","","","","","","","02","","ATM            ","","","","","","<k7_info response=OK closure_id=0001560><note1 v=10000 a=1550000 c=952 d=19/><note2 v=5000 a=1040000 c=952 d=2/><note3 v=0 a=0 c=952 d=0/><note4 v=0 a=0 c=952 d=0/></k7_info>","ATM","ATM","B03012000000200000P64009000200000048001ZO04003033P03003952P06003OFFO01004YNNNP97004ONUSP7000500000Y0400211P94006000001P08051952000000000200000000000000010319000000000000000000P04018000000000200000000P02036Periodical Amnt Exceeded [Periode 1]P0700302YP05001RY01004VSDCY03022VSDC    Y31A11010015 A","6000000100000045001155","","POWERCARD","3/19/2025 17:41","",""
"507817036269","036269","001153","020001","600002","1200","200","01","00","00","000","","","000","01","","","000001","4588530002036042","1","221","12/1/2024","12/1/2027","3/19/2025 17:43","3/19/2025 17:43","3/19/2025 17:39","3/19/2025 17:39","3/19/2025","3/20/2025","","033","01","1","CH","4588530002036042","1","00","0102839553600500","","","","","00","","","100000","","952","","100000","952","1","3/19/2025","100000","952","3/20/2025","1","3/19/2025","100000","952","3/20/2025 16:00","1","3/19/2025","","","","0033","952","","","","","","","","","","","","","","","","","3/19/2025 17:39","","","","","","","","","","","45885300","768","000001","000001","6011","","00000045","0000000055","UTB ANIE                 REGION DES PLTG","","","51110151104C","","","","6","060558","060558","E2","Y","Y","0001952C0000218055400002952C000021595540","21695540","","0033","","N","","Y","","","","N","N","YYY2YYYYYYYYYYYNNNYNYNNYNNYNNNNN","4404000000000444444404444R444444","","","","","","","","1012","0","3/19/2025 17:39","","","58FF38E17AF93180","","80","0952","250319","01","000000100000","0008","37876896","","8080040000","0768","3900","","604020","14","","","","","06011203A00000","000000000000","","","","","","1E32980800820000","1E32980800820000","","C","N","T","","","","","","","02","","ATM            ","","","","","","<k7_info response=OK closure_id=0001560><note1 v=10000 a=1640000 c=952 d=9/><note2 v=5000 a=1050000 c=952 d=2/><note3 v=0 a=0 c=952 d=0/><note4 v=0 a=0 c=952 d=0/></k7_info>","ATM","ATM","B03012000000100000P64009000200000048001ZO04003033P03003952P06003OFFO01004YNNNP97004ONUSP7000500000Y0400211P94006000001P08051952000000000100000000000000010319000000000000000000P04018000000000100000000P0700302YP05001RY01004VSDCY03022VSDC    Y31A11010015 A","6000000100000045001153","","POWERCARD","3/19/2025 17:39","POWERCARD","3/19/2025 17:39"
"507817036267","036267","001151","020001","600002","1200","200","01","00","00","000","","","000","01","","","000001","4588530002036042","1","221","12/1/2024","12/1/2027","3/19/2025 17:42","3/19/2025 17:42","3/19/2025 17:38","3/19/2025 17:38","3/19/2025","3/20/2025","","033","01","1","CH","4588530002036042","1","00","0102839553600500","","","","","00","","","100000","","952","","100000","952","1","3/19/2025","100000","952","3/20/2025","1","3/19/2025","100000","952","3/20/2025 16:00","1","3/19/2025","","","","0033","952","","","","","","","","","","","","","","","","","3/19/2025 17:38","","","","","","","","","","","45885300","768","000001","000001","6011","","00000045","0000000055","UTB ANIE                 REGION DES PLTG","","","51110151104C","","","","6","097580","097580","E2","Y","Y","0001952C0000218055400002952C000021695540","21795540","","0033","","N","","Y","","","","N","N","YYY2YYYYYYYYYYYNNNYNYNNYNNYNNNNN","4404000000000444444404444R444444","","","","","","","","1012","0","3/19/2025 17:38","","","6992A8A233A6288E","","80","0952","250319","01","000000100000","0007","CDAC5DE4","","8080040000","0768","3900","","604020","14","","","","","06011203A00000","000000000000","","","","","","617E7B3E00820000","617E7B3E00820000","","C","N","T","","","","","","","02","","ATM            ","","","","","","<k7_info response=OK closure_id=0001560><note1 v=10000 a=1730000 c=952 d=9/><note2 v=5000 a=1060000 c=952 d=2/><note3 v=0 a=0 c=952 d=0/><note4 v=0 a=0 c=952 d=0/></k7_info>","ATM","ATM","B03012000000100000P64009000200000048001ZO04003033P03003952P06003OFFO01004YNNNP97004ONUSP7000500000Y0400211P94006000001P08051952000000000100000000000000010319000000000000000000P04018000000000100000000P0700302YP05001RY01004VSDCY03022VSDC    Y31A11010015 A","6000000100000045001151","","POWERCARD","3/19/2025 17:38","POWERCARD","3/19/2025 17:38"
"507817036266","036266","001150","020001","600002","1200","200","01","00","00","121","","","105","01","","","000001","4588530002036042","1","221","12/1/2024","12/1/2027","3/19/2025 17:42","3/19/2025 17:42","3/19/2025 17:38","3/19/2025 17:38","3/19/2025","3/20/2025","","033","01","1","CH","4588530002036042","1","00","0102839553600500","","","","","00","","","200000","","952","","200000","952","1","3/19/2025","200000","952","3/20/2025","1","3/19/2025","200000","952","3/20/2025 16:00","1","3/19/2025","","","","0033","952","","","","","","","","","","","","","","","","","3/19/2025 17:38","","","","","","","","","","","45885300","768","000001","000001","6011","","00000045","0000000055","UTB ANIE                 REGION DES PLTG","","","51110151104C","","","","6","","","E2","Y","Y","","","100000","0033","","N","","Y","","","","N","N","YYY2YYYYYYYYYYYNNNYNYNNYNNYNNNNN","4404000000104444444404444R444444","","","","","","","","1012","0","3/19/2025 17:38","","","92D990C5F52937CB","","80","0952","250319","01","000000200000","0005","ADECDB98","","8080040000","0768","3900","","604020","14","","","","","06011203A00000","000000000000","","","","","","7044D12F00820000","7044D12F00820000","","P","N","T","","","","","","","02","","ATM            ","","","","","","<k7_info response=OK closure_id=0001560><note1 v=10000 a=1730000 c=952 d=19/><note2 v=5000 a=1060000 c=952 d=2/><note3 v=0 a=0 c=952 d=0/><note4 v=0 a=0 c=952 d=0/></k7_info>","ATM","ATM","B03012000000200000P64009000200000048001ZO04003033P03003952P06003OFFO01004YNNNP97004ONUSP7000500000Y0400211P94006000001P08051952000000000200000000000000010319000000000000000000P04018000000000200000000P02032Transction Limit More than Max  P0700302YP05001RY01004VSDCY03022VSDC    Y31A11010015 A","6000000100000045001150","","POWERCARD","3/19/2025 17:38","",""
"507817036264","036264","001148","020001","600002","1200","200","01","00","00","121","","","102","01","","","000001","4588530001092491","1","221","12/1/2024","12/1/2027","3/19/2025 17:40","3/19/2025 17:40","3/19/2025 17:36","3/19/2025 17:36","3/19/2025","3/20/2025","","032","01","1","CH","4588530001092491","1","00","0103234851200500","","","","","00","","","100000","","952","","100000","952","1","3/19/2025","100000","952","3/20/2025","1","3/19/2025","100000","952","3/20/2025 16:00","1","3/19/2025","","","","0032","952","","","","","","","","","","","","","","","","","3/19/2025 17:36","","","","","","","","","","","45885300","768","000001","000001","6011","","00000045","0000000055","UTB ANIE                 REGION DES PLTG","","","51110151104C","","","","6","","","E2","Y","Y","","","0","0032","","N","","Y","","","","N","N","YYY2YYYYYYYYYYYNNNYNYNNYNNYNNNNN","4404000000104444444404444R444444","","","","","","","","1012","0","3/19/2025 17:36","","","4CE41D9CC7BFAF2B","","80","0952","250319","01","000000100000","000C","CD45653E","","8080040000","0768","3900","","604020","14","","","","","06011203A00000","000000000000","","","","","","11BFCC2A00820000","11BFCC2A00820000","","P","N","T","","","","","","","02","","ATM            ","","","","","","<k7_info response=OK closure_id=0001560><note1 v=10000 a=1730000 c=952 d=9/><note2 v=5000 a=1060000 c=952 d=2/><note3 v=0 a=0 c=952 d=0/><note4 v=0 a=0 c=952 d=0/></k7_info>","ATM","ATM","B03012000000100000P64009000200000048001ZO04003032P03003952P06003OFFO01004YNNNP97004ONUSP7000500000Y0400211P94006000001P08051952000000000100000000000000010319000000000000000000P04018000000000100000000P02036Periodical Amnt Exceeded [Periode 1]P0700302YP05001RY01004VSDCY03022VSDC    Y31A11010015 A","6000000100000045001148","","POWERCARD","3/19/2025 17:36","",""
"507817036262","036262","001146","020001","600002","1200","200","01","00","00","000","","","000","01","","","000001","4588530001092491","1","221","12/1/2024","12/1/2027","3/19/2025 17:38","3/19/2025 17:38","3/19/2025 17:35","3/19/2025 17:34","3/19/2025","3/20/2025","","032","01","1","CH","4588530001092491","1","00","0103234851200500","","","","","00","","","100000","","952","","100000","952","1","3/19/2025","100000","952","3/20/2025","1","3/19/2025","100000","952","3/20/2025 16:00","1","3/19/2025","","","","0032","952","","","","","","","","","","","","","","","","","3/19/2025 17:34","","","","","","","","","","","45885300","768","000001","000001","6011","","00000045","0000000055","UTB ANIE                 REGION DES PLTG","","","51110151104C","","","","6","082411","082411","E2","Y","Y","0001952C0000218055400002952C000021300540","21400540","","0032","","N","","Y","","","","N","N","YYY2YYYYYYYYYYYNNNYNYNNYNNYNNNNN","4404000000000444444404444R444444","","","","","","","","1012","0","3/19/2025 17:34","","","F698C231C932B477","","80","0952","250319","01","000000100000","000B","0C7BD2C7","","8080040000","0768","3900","","604020","14","","","","","06011203A00000","000000000000","","","","","","AF641A0500820000","AF641A0500820000","","C","N","T","","","","","","","02","","ATM            ","","","","","","<k7_info response=OK closure_id=0001560><note1 v=10000 a=1820000 c=952 d=9/><note2 v=5000 a=1070000 c=952 d=2/><note3 v=0 a=0 c=952 d=0/><note4 v=0 a=0 c=952 d=0/></k7_info>","ATM","ATM","B03012000000100000P64009000200000048001ZO04003032P03003952P06003OFFO01004YNNNP97004ONUSP7000500000Y0400211P94006000001P08051952000000000100000000000000010319000000000000000000P04018000000000100000000P0700302YP05001RY01004VSDCY03022VSDC    Y31A11010015 A","6000000100000045001146","","POWERCARD","3/19/2025 17:34","POWERCARD","3/19/2025 17:35"
"507817036261","036261","001145","020001","600002","1200","200","01","00","00","121","","","102","01","","","000001","4588530001092491","1","221","12/1/2024","12/1/2027","3/19/2025 17:38","3/19/2025 17:38","3/19/2025 17:34","3/19/2025 17:34","3/19/2025","3/20/2025","","032","01","1","CH","4588530001092491","1","00","0103234851200500","","","","","00","","","200000","","952","","200000","952","1","3/19/2025","200000","952","3/20/2025","1","3/19/2025","200000","952","3/20/2025 16:00","1","3/19/2025","","","","0032","952","","","","","","","","","","","","","","","","","3/19/2025 17:34","","","","","","","","","","","45885300","768","000001","000001","6011","","00000045","0000000055","UTB ANIE                 REGION DES PLTG","","","51110151104C","","","","6","","","E2","Y","Y","","","100000","0032","","N","","Y","","","","N","N","YYY2YYYYYYYYYYYNNNYNYNNYNNYNNNNN","4404000000104444444404444R444444","","","","","","","","1012","0","3/19/2025 17:34","","","5E580163F671E89B","","80","0952","250319","01","000000200000","0009","44527C48","","8080040000","0768","3900","","604020","14","","","","","06011203A00000","000000000000","","","","","","A1C783CC00820000","A1C783CC00820000","","P","N","T","","","","","","","02","","ATM            ","","","","","","<k7_info response=OK closure_id=0001560><note1 v=10000 a=1820000 c=952 d=19/><note2 v=5000 a=1070000 c=952 d=2/><note3 v=0 a=0 c=952 d=0/><note4 v=0 a=0 c=952 d=0/></k7_info>","ATM","ATM","B03012000000200000P64009000200000048001ZO04003032P03003952P06003OFFO01004YNNNP97004ONUSP7000500000Y0400211P94006000001P08051952000000000200000000000000010319000000000000000000P04018000000000200000000P02036Periodical Amnt Exceeded [Periode 1]P0700302YP05001RY01004VSDCY03022VSDC    Y31A11010015 A","6000000100000045001145","","POWERCARD","3/19/2025 17:34","",""
"507817036259","036259","001143","020001","600002","1200","200","01","00","00","000","","","000","01","","","000001","4588530001092491","1","221","12/1/2024","12/1/2027","3/19/2025 17:37","3/19/2025 17:37","3/19/2025 17:33","3/19/2025 17:32","3/19/2025","3/20/2025","","032","01","1","CH","4588530001092491","1","00","0103234851200500","","","","","00","","","200000","","952","","200000","952","1","3/19/2025","200000","952","3/20/2025","1","3/19/2025","200000","952","3/20/2025 16:00","1","3/19/2025","","","","0032","952","","","","","","","","","","","","","","","","","3/19/2025 17:32","","","","","","","","","","","45885300","768","000001","000001","6011","","00000045","0000000055","UTB ANIE                 REGION DES PLTG","","","51110151104C","","","","6","017675","017675","E2","Y","Y","0001952C0000218055400002952C000021400540","21600540","","0032","","N","","Y","","","","N","N","YYY2YYYYYYYYYYYNNNYNYNNYNNYNNNNN","4404000000000444444404444R444444","","","","","","","","1012","0","3/19/2025 17:32","","","5BD6A2B2C555E452","","80","0952","250319","01","000000200000","0008","CEB901C0","","8080040000","0768","3900","","604020","14","","","","","06011203A00000","000000000000","","","","","","CDFE3C9C00820000","CDFE3C9C00820000","","C","N","T","","","","","","","02","","ATM            ","","","","","","<k7_info response=OK closure_id=0001560><note1 v=10000 a=2010000 c=952 d=19/><note2 v=5000 a=1080000 c=952 d=2/><note3 v=0 a=0 c=952 d=0/><note4 v=0 a=0 c=952 d=0/></k7_info>","ATM","ATM","B03012000000200000P64009000200000048001ZO04003032P03003952P06003OFFO01004YNNNP97004ONUSP7000500000Y0400211P94006000001P08051952000000000200000000000000010319000000000000000000P04018000000000200000000P0700302YP05001RY01004VSDCY03022VSDC    Y31A11010015 A","6000000100000045001143","","POWERCARD","3/19/2025 17:32","POWERCARD","3/19/2025 17:33"
"507817036257","036257","001141","020001","600002","1200","200","01","00","00","000","","","000","01","","","000001","4588530001092491","1","221","12/1/2024","12/1/2027","3/19/2025 17:35","3/19/2025 17:35","3/19/2025 17:32","3/19/2025 17:31","3/19/2025","3/20/2025","","032","01","1","CH","4588530001092491","1","00","0103234851200500","","","","","00","","","200000","","952","","200000","952","1","3/19/2025","200000","952","3/20/2025","1","3/19/2025","200000","952","3/20/2025 16:00","1","3/19/2025","","","","0032","952","","","","","","","","","","","","","","","","","3/19/2025 17:31","","","","","","","","","","","45885300","768","000001","000001","6011","","00000045","0000000055","UTB ANIE                 REGION DES PLTG","","","51110151104C","","","","6","007631","007631","E2","Y","Y","0001952C0000218055400002952C000021600540","21800540","","0032","","N","","Y","","","","N","N","YYY2YYYYYYYYYYYNNNYNYNNYNNYNNNNN","4404000000000444444404444R444444","","","","","","","","1012","0","3/19/2025 17:31","","","DB36668CA27142C5","","80","0952","250319","01","000000200000","0007","BCFE1273","","8080040000","0768","3900","","604020","14","","","","","06011203A00000","000000000000","","","","","","9EB3F33500820000","9EB3F33500820000","","C","N","T","","","","","","","02","","ATM            ","","","","","","<k7_info response=OK closure_id=0001560><note1 v=10000 a=2200000 c=952 d=19/><note2 v=5000 a=1090000 c=952 d=2/><note3 v=0 a=0 c=952 d=0/><note4 v=0 a=0 c=952 d=0/></k7_info>","ATM","ATM","B03012000000200000P64009000200000048001ZO04003032P03003952P06003OFFO01004YNNNP97004ONUSP7000500000Y0400211P94006000001P08051952000000000200000000000000010319000000000000000000P04018000000000200000000P0700302YP05001RY01004VSDCY03022VSDC    Y31A11010015 A","6000000100000045001141","","POWERCARD","3/19/2025 17:31","POWERCARD","3/19/2025 17:32"
"506510036250","036250","001134","020001","600002","1200","200","01","00","00","116","","","318","01","","","000001","4588530000097046","1","221","3/1/2023","2/1/2026","3/6/2025 10:24","3/6/2025 10:24","3/6/2025 10:20","3/6/2025 10:20","3/6/2025","3/6/2025","","030","01","1","CH","4588530000097046","1","00","0103206204500501","","","","","00","","","10000","","952","","10000","952","1","3/6/2025","10000","952","3/6/2025","1","3/6/2025","10000","952","3/6/2025 16:00","1","3/6/2025","","","","0030","952","","","","","","","","","","","","","","","","","3/6/2025 10:20","","","","","","","","","","","45885300","768","000001","000001","6011","","00000045","0000000055","UTB ANIE                 REGION DES PLTG","","","51110151104C","","","","6","","","E2","Y","Y","0001952D0000000397260002952D000000039726","-39726","","0030","","N","","Y","","","","N","N","YYY2YYYYYYYYYYYNNNYNYNNYNNNNNNNN","4404000000001444444404444R444444","","","","","","","","1012","0","3/6/2025 10:20","","","4B8E6825EF711804","","80","0952","250306","01","000000010000","00B5","E88EBE62","","8080040000","0768","3900","","604020","14","","","","","06011203A00000","000000000000","","","","","","98B67FC000820000","98B67FC000820000","","P","N","T","","","","","","","02","","ATM            ","","","","","","<k7_info response=OK closure_id=0001560><note1 v=10000 a=2210000 c=952 d=1/><note2 v=5000 a=1090000 c=952 d=0/><note3 v=0 a=0 c=952 d=0/><note4 v=0 a=0 c=952 d=0/></k7_info>","ATM","ATM","B03012000000010000P64009000200000048001ZO04003030P03003952P06003OFFO01004YNNNP97004ONUSP7000500000Y0400211P94006000001P08051952000000000010000000000000010306000000000000000000P04018000000000010000000P0700302YP05001RP02020Insufficient BalanceY01004VSDCY03022VSDC    Y31A11010015 A","6000000100000045001134","","POWERCARD","3/6/2025 10:20","",""
